audit_id,rater_id,overall_failure
AUD-0001,RATER-01,false
AUD-0002,RATER-01,false
AUD-0003,RATER-01,false
AUD-0004,RATER-01,false
AUD-0005,RATER-01,ambiguous
AUD-0006,RATER-01,false
AUD-0007,RATER-01,false
AUD-0008,RATER-01,false
AUD-0009,RATER-01,false
AUD-0010,RATER-01,false
AUD-0011,RATER-01,false
AUD-0012,RATER-01,false
AUD-0013,RATER-01,false
AUD-0014,RATER-01,false
AUD-0015,RATER-01,false
AUD-0016,RATER-01,false
AUD-0017,RATER-01,false
AUD-0018,RATER-01,false
AUD-0019,RATER-01,false
AUD-0020,RATER-01,false
AUD-0021,RATER-01,false
AUD-0022,RATER-01,false
AUD-0023,RATER-01,false
AUD-0024,RATER-01,false
AUD-0025,RATER-01,false
AUD-0026,RATER-01,false
AUD-0027,RATER-01,false
AUD-0028,RATER-01,false
AUD-0029,RATER-01,false
AUD-0030,RATER-01,false
AUD-0031,RATER-01,false
AUD-0032,RATER-01,false
AUD-0033,RATER-01,false
AUD-0034,RATER-01,false
AUD-0035,RATER-01,false
AUD-0036,RATER-01,false
AUD-0037,RATER-01,false
AUD-0038,RATER-01,true
AUD-0039,RATER-01,false
AUD-0040,RATER-01,false
AUD-0041,RATER-01,false
AUD-0042,RATER-01,false
AUD-0043,RATER-01,false
AUD-0044,RATER-01,false
AUD-0045,RATER-01,false
AUD-0046,RATER-01,false
AUD-0047,RATER-01,false
AUD-0048,RATER-01,false
AUD-0049,RATER-01,false
AUD-0050,RATER-01,false
AUD-0051,RATER-01,false
AUD-0052,RATER-01,false
AUD-0053,RATER-01,false
AUD-0054,RATER-01,false
AUD-0055,RATER-01,false
AUD-0056,RATER-01,false
AUD-0057,RATER-01,false
AUD-0058,RATER-01,false
AUD-0059,RATER-01,false
AUD-0060,RATER-01,false
AUD-0061,RATER-01,false
AUD-0062,RATER-01,false
AUD-0063,RATER-01,false
AUD-0064,RATER-01,false
AUD-0065,RATER-01,false
AUD-0066,RATER-01,false
AUD-0067,RATER-01,false
AUD-0068,RATER-01,false
AUD-0069,RATER-01,false
AUD-0070,RATER-01,false
AUD-0071,RATER-01,false
AUD-0072,RATER-01,false
AUD-0073,RATER-01,false
AUD-0074,RATER-01,false
AUD-0075,RATER-01,false
AUD-0076,RATER-01,false
AUD-0077,RATER-01,false
AUD-0078,RATER-01,false
AUD-0079,RATER-01,false
AUD-0080,RATER-01,false
AUD-0081,RATER-01,false
AUD-0082,RATER-01,false
AUD-0083,RATER-01,false
AUD-0084,RATER-01,false
AUD-0085,RATER-01,false
AUD-0086,RATER-01,false
AUD-0087,RATER-01,false
AUD-0088,RATER-01,false
AUD-0089,RATER-01,false
AUD-0090,RATER-01,false
AUD-0091,RATER-01,false
AUD-0092,RATER-01,false
AUD-0093,RATER-01,false
AUD-0094,RATER-01,false
AUD-0095,RATER-01,false
AUD-0096,RATER-01,false
AUD-0097,RATER-01,false
AUD-0098,RATER-01,false
AUD-0099,RATER-01,false
AUD-0100,RATER-01,false
AUD-0101,RATER-01,false
AUD-0102,RATER-01,false
AUD-0103,RATER-01,false
AUD-0104,RATER-01,false
AUD-0105,RATER-01,false
AUD-0106,RATER-01,false
AUD-0107,RATER-01,false
AUD-0108,RATER-01,false
AUD-0109,RATER-01,false
AUD-0110,RATER-01,false
AUD-0111,RATER-01,false
AUD-0112,RATER-01,false
AUD-0113,RATER-01,false
AUD-0114,RATER-01,false
AUD-0115,RATER-01,false
AUD-0116,RATER-01,false
AUD-0117,RATER-01,false
AUD-0118,RATER-01,false
AUD-0119,RATER-01,false
AUD-0120,RATER-01,false
AUD-0121,RATER-01,false
AUD-0122,RATER-01,false
AUD-0123,RATER-01,false
AUD-0124,RATER-01,false
AUD-0125,RATER-01,false
AUD-0126,RATER-01,false
AUD-0127,RATER-01,false
AUD-0128,RATER-01,false
AUD-0129,RATER-01,false
AUD-0130,RATER-01,false
AUD-0131,RATER-01,false
AUD-0132,RATER-01,false
AUD-0133,RATER-01,false
AUD-0134,RATER-01,false
AUD-0135,RATER-01,false
AUD-0136,RATER-01,false
AUD-0137,RATER-01,false
AUD-0138,RATER-01,false
AUD-0139,RATER-01,false
AUD-0140,RATER-01,false
AUD-0141,RATER-01,false
AUD-0142,RATER-01,false
AUD-0143,RATER-01,false
AUD-0144,RATER-01,false
AUD-0145,RATER-01,false
AUD-0146,RATER-01,false
AUD-0147,RATER-01,false
AUD-0148,RATER-01,false
AUD-0149,RATER-01,false
AUD-0150,RATER-01,false
AUD-0151,RATER-01,false
AUD-0152,RATER-01,false
AUD-0153,RATER-01,false
AUD-0154,RATER-01,false
AUD-0155,RATER-01,false
AUD-0156,RATER-01,false
AUD-0157,RATER-01,false
AUD-0158,RATER-01,false
AUD-0159,RATER-01,false
AUD-0160,RATER-01,false
AUD-0161,RATER-01,false
AUD-0162,RATER-01,false
AUD-0163,RATER-01,false
AUD-0164,RATER-01,false
AUD-0165,RATER-01,false
AUD-0166,RATER-01,false
AUD-0167,RATER-01,false
AUD-0168,RATER-01,false
AUD-0169,RATER-01,false
AUD-0170,RATER-01,false
AUD-0171,RATER-01,false
AUD-0172,RATER-01,false
AUD-0173,RATER-01,false
AUD-0174,RATER-01,false
AUD-0175,RATER-01,false
AUD-0176,RATER-01,false
AUD-0177,RATER-01,false
AUD-0178,RATER-01,false
AUD-0179,RATER-01,false
AUD-0180,RATER-01,false
AUD-0181,RATER-01,false
AUD-0182,RATER-01,false
AUD-0183,RATER-01,false
AUD-0184,RATER-01,false
AUD-0185,RATER-01,false
AUD-0186,RATER-01,false
AUD-0187,RATER-01,false
AUD-0188,RATER-01,false
AUD-0189,RATER-01,false
AUD-0190,RATER-01,false
AUD-0191,RATER-01,false
AUD-0192,RATER-01,false
AUD-0193,RATER-01,false
AUD-0194,RATER-01,false
AUD-0195,RATER-01,false
AUD-0196,RATER-01,false
AUD-0197,RATER-01,false
AUD-0198,RATER-01,false
AUD-0199,RATER-01,false
AUD-0200,RATER-01,false
AUD-0201,RATER-01,false
AUD-0202,RATER-01,false
AUD-0203,RATER-01,false
AUD-0204,RATER-01,false
AUD-0205,RATER-01,false
AUD-0206,RATER-01,false
AUD-0207,RATER-01,false
AUD-0208,RATER-01,false
AUD-0209,RATER-01,false
AUD-0210,RATER-01,false
AUD-0211,RATER-01,false
AUD-0212,RATER-01,false
AUD-0213,RATER-01,false
AUD-0214,RATER-01,false
AUD-0215,RATER-01,false
AUD-0216,RATER-01,false
AUD-0217,RATER-01,false
AUD-0218,RATER-01,false
AUD-0219,RATER-01,false
AUD-0220,RATER-01,false
AUD-0221,RATER-01,false
AUD-0222,RATER-01,false
AUD-0223,RATER-01,false
AUD-0224,RATER-01,false
AUD-0225,RATER-01,false
AUD-0226,RATER-01,false
AUD-0227,RATER-01,false
AUD-0228,RATER-01,false
AUD-0229,RATER-01,false
AUD-0230,RATER-01,false
AUD-0231,RATER-01,false
AUD-0232,RATER-01,false
AUD-0233,RATER-01,false
AUD-0234,RATER-01,false
AUD-0235,RATER-01,false
AUD-0236,RATER-01,false
AUD-0237,RATER-01,false
AUD-0238,RATER-01,false
AUD-0239,RATER-01,false
AUD-0240,RATER-01,false
AUD-0241,RATER-01,false
AUD-0242,RATER-01,false
AUD-0243,RATER-01,false
AUD-0244,RATER-01,false
AUD-0245,RATER-01,false
AUD-0246,RATER-01,false
AUD-0247,RATER-01,false
AUD-0248,RATER-01,false
AUD-0249,RATER-01,false
AUD-0250,RATER-01,false
AUD-0251,RATER-01,false
AUD-0252,RATER-01,false
AUD-0253,RATER-01,false
AUD-0254,RATER-01,false
AUD-0255,RATER-01,false
AUD-0256,RATER-01,false
AUD-0257,RATER-01,false
AUD-0258,RATER-01,false
AUD-0259,RATER-01,false
AUD-0260,RATER-01,false
AUD-0261,RATER-01,false
AUD-0262,RATER-01,false
AUD-0263,RATER-01,false
AUD-0264,RATER-01,false
AUD-0265,RATER-01,false
AUD-0266,RATER-01,false
AUD-0267,RATER-01,false
AUD-0268,RATER-01,false
AUD-0269,RATER-01,false
AUD-0270,RATER-01,false
AUD-0271,RATER-01,false
AUD-0272,RATER-01,false
AUD-0273,RATER-01,false
AUD-0274,RATER-01,false
AUD-0275,RATER-01,false
AUD-0276,RATER-01,false
AUD-0277,RATER-01,false
AUD-0278,RATER-01,false
AUD-0279,RATER-01,false
AUD-0280,RATER-01,false
AUD-0281,RATER-01,false
AUD-0282,RATER-01,false
AUD-0283,RATER-01,false
AUD-0284,RATER-01,false
AUD-0285,RATER-01,false
AUD-0286,RATER-01,false
AUD-0287,RATER-01,false
AUD-0288,RATER-01,false
AUD-0289,RATER-01,false
AUD-0290,RATER-01,false
AUD-0291,RATER-01,false
AUD-0292,RATER-01,false
AUD-0293,RATER-01,false
AUD-0294,RATER-01,false
AUD-0295,RATER-01,false
AUD-0296,RATER-01,false
AUD-0297,RATER-01,false
AUD-0298,RATER-01,false
AUD-0299,RATER-01,false
AUD-0300,RATER-01,false
AUD-0301,RATER-01,false
AUD-0302,RATER-01,false
AUD-0303,RATER-01,false
AUD-0304,RATER-01,false
AUD-0305,RATER-01,false
AUD-0306,RATER-01,false
AUD-0307,RATER-01,false
AUD-0308,RATER-01,false
AUD-0309,RATER-01,false
AUD-0310,RATER-01,false
AUD-0311,RATER-01,false
AUD-0312,RATER-01,false
AUD-0313,RATER-01,false
AUD-0314,RATER-01,false
AUD-0315,RATER-01,false
AUD-0316,RATER-01,false
AUD-0317,RATER-01,false
AUD-0318,RATER-01,false
AUD-0319,RATER-01,false
AUD-0320,RATER-01,false
AUD-0321,RATER-01,false
AUD-0322,RATER-01,false
AUD-0323,RATER-01,false
AUD-0324,RATER-01,false
